{
    "index": "/index.html",
    "assetGroups": [{
        "name": "Netsolin",
        "installMode": "prefetch",
        "resources": {
            "files": [
                "/favicon.ico",
                "/index.html",
                "/*.css",
                "/*.js"
            ]
        }
    }, {
        "name": "assets",
        "installMode": "lazy",
        "updateMode": "prefetch",
        "resources": {
            "files": [
                "/assets/**"
            ]
        }
    }]
}